{"cameraMode":{"drawMode":0,"name":"Shaded","section":"Shading Mode"},"sceneLighting":true,"audioPlay":false,"sceneViewState":{"showFog":true,"showMaterialUpdate":false,"showSkybox":true,"showFlares":true,"showImageEffects":true,"showParticleSystems":true,"showVisualEffectGraphs":true,"m_FxEnabled":true},"in2DMode":false,"pivot":{"x":-0.11320997774600983,"y":3.808636426925659,"z":-3.993358612060547},"rotation":{"x":0.00003159522020723671,"y":0.9999707937240601,"z":0.00719057722017169,"w":-0.004198537673801184},"size":3.3110768795013429,"orthographic":false}