{"cameraMode":{"drawMode":0,"name":"Shaded","section":"Shading Mode"},"sceneLighting":true,"audioPlay":false,"sceneViewState":{"showFog":true,"showMaterialUpdate":false,"showSkybox":true,"showFlares":true,"showImageEffects":true,"showParticleSystems":true,"showVisualEffectGraphs":true,"m_FxEnabled":true},"in2DMode":false,"pivot":{"x":0.4022254943847656,"y":0.11939787864685059,"z":-0.46463632583618166},"rotation":{"x":-0.046775445342063907,"y":0.9195156693458557,"z":-0.1153639480471611,"w":-0.37282097339630129},"size":3.8320538997650148,"orthographic":false}